{
  "mms_orders": [
    2.0493929575768517,
    2.0236051468156666,
    2.011535126638345,
    2.0057014013085586
  ],
  "mms_order_mean": 2.0136138915875232,
  "psi_richardson_orders": [
    1.9616518792823363,
    2.014422872455787
  ],
  "psi_observed_order": 2.014422872455787,
  "psi_extrapolated": -0.10352244287179532,
  "psi_finest": -0.10347349232971809
}