{
  "re_list": [
    100,
    400,
    1000,
    2000,
    3200,
    5000,
    7500
  ],
  "nu_correlation": {
    "C": 0.14080524208347076,
    "n": 0.30095611993575305,
    "form": "Nu = C * Ra^n"
  },
  "ra_results": [
    {
      "Ra": 1000.0,
      "Nu": 1.1199317638813968,
      "Nu_ref": 1.118,
      "err_pct": 0.17278746703011705
    },
    {
      "Ra": 10000.0,
      "Nu": 2.256448000094531,
      "Nu_ref": 2.243,
      "err_pct": 0.5995541727387853
    },
    {
      "Ra": 100000.0,
      "Nu": 4.553257730330654,
      "Nu_ref": 4.519,
      "err_pct": 0.7580821051262212
    },
    {
      "Ra": 1000000.0,
      "Nu": 8.927838542387681,
      "Nu_ref": 8.8,
      "err_pct": 1.4527107089509115
    }
  ]
}